user_key,user_id,age,gender,country,city,signup_date,acquisition_channel,user_segment,preferred_language,email_opt_in,lifetime_value_usd,age_group,signup_year,signup_month,high_value_customer
1,USR00001,56,Female,Germany,Berlin,2022-09-25,Referral,New User,English,True,424.27,56-65,2022,September,1
2,USR00002,46,Male,USA,Chicago,2021-05-15,Social Media,Casual Viewer,English,True,358.2,46-55,2021,May,0
3,USR00003,32,Male,Canada,Vancouver,2022-09-04,Email Campaign,Power User,Hindi,False,326.6,26-35,2022,September,0
4,USR00004,60,Female,UK,Birmingham,2022-01-21,Referral,Casual Viewer,English,True,452.12,56-65,2022,January,1
5,USR00005,25,Male,Germany,Hamburg,2021-06-07,Organic,At-Risk User,German,False,132.64,18-25,2021,June,0
6,USR00006,38,Female,Germany,Munich,2021-06-16,Email Campaign,Casual Viewer,Hindi,False,153.72,36-45,2021,June,0
7,USR00007,56,Male,Brazil,São Paulo,2021-07-05,Social Media,Power User,English,True,690.81,56-65,2021,July,1
8,USR00008,36,Male,USA,Los Angeles,2022-10-02,Referral,New User,Hindi,True,757.43,36-45,2022,October,1
9,USR00009,40,Male,Australia,Melbourne,2021-06-19,Social Media,At-Risk User,English,True,304.91,36-45,2021,June,0
10,USR00010,28,Male,USA,New York,2022-03-25,Email Campaign,Power User,English,True,223.89,26-35,2022,March,0
11,USR00011,28,Male,UK,London,2021-02-14,Referral,Casual Viewer,French,True,518.76,26-35,2021,February,1
12,USR00012,41,Male,India,Delhi,2022-02-25,Organic,At-Risk User,Spanish,True,332.9,36-45,2022,February,0
13,USR00013,53,Female,USA,New York,2022-01-09,Paid Ad,New User,English,True,30.06,46-55,2022,January,0
14,USR00014,57,Male,UK,Birmingham,2022-11-24,Paid Ad,Casual Viewer,English,True,133.36,56-65,2022,November,0
15,USR00015,41,Female,Germany,Berlin,2021-09-01,Organic,Power User,English,False,575.62,36-45,2021,September,1
16,USR00016,20,Female,India,Bangalore,2022-03-31,Organic,Casual Viewer,English,True,530.55,18-25,2022,March,1
17,USR00017,39,Male,UK,Birmingham,2022-09-18,Social Media,Power User,Spanish,False,31.41,36-45,2022,September,0
18,USR00018,19,Male,India,Bangalore,2021-10-19,Paid Ad,At-Risk User,English,True,185.36,18-25,2021,October,0
19,USR00019,41,Male,France,Paris,2022-04-05,Paid Ad,Casual Viewer,English,True,192.55,36-45,2022,April,0
20,USR00020,61,Female,USA,New York,2021-08-28,Referral,Power User,English,True,540.8,56-65,2021,August,1
21,USR00021,47,Non-Binary,France,Lyon,2022-07-01,Paid Ad,New User,Spanish,True,25.57,46-55,2022,July,0
22,USR00022,55,Male,Germany,Berlin,2021-09-02,Social Media,Casual Viewer,French,False,92.25,46-55,2021,September,0
23,USR00023,19,Female,Canada,Toronto,2021-11-13,Referral,At-Risk User,English,False,641.93,18-25,2021,November,1
24,USR00024,38,Female,UK,Birmingham,2022-04-26,Organic,Casual Viewer,Spanish,False,151.05,36-45,2022,April,0
25,USR00025,50,Female,Brazil,São Paulo,2021-07-18,Email Campaign,Casual Viewer,English,True,525.67,46-55,2021,July,1
26,USR00026,29,Female,Canada,Toronto,2022-01-12,Referral,At-Risk User,German,True,198.16,26-35,2022,January,0
27,USR00027,39,Female,USA,Chicago,2022-11-26,Social Media,Casual Viewer,English,False,88.56,36-45,2022,November,0
28,USR00028,61,Male,USA,New York,2022-08-08,Social Media,Power User,English,False,202.11,56-65,2022,August,0
29,USR00029,42,Male,France,Marseille,2022-03-28,Email Campaign,Power User,English,False,580.59,36-45,2022,March,1
30,USR00030,44,Male,India,Mumbai,2022-04-18,Paid Ad,New User,English,True,686.0,36-45,2022,April,1
31,USR00031,59,Male,France,Paris,2021-10-16,Referral,Power User,Portuguese,True,665.87,56-65,2021,October,1
32,USR00032,45,Female,Germany,Munich,2022-01-27,Social Media,Power User,German,False,323.77,36-45,2022,January,0
33,USR00033,33,Female,India,Mumbai,2022-05-30,Email Campaign,Power User,Spanish,True,537.79,26-35,2022,May,1
34,USR00034,32,Male,Brazil,Brasília,2022-06-25,Social Media,New User,German,False,171.94,26-35,2022,June,0
35,USR00035,64,Female,Australia,Sydney,2022-03-05,Referral,New User,French,False,241.59,56-65,2022,March,0
36,USR00036,61,Female,India,Delhi,2021-06-15,Email Campaign,Power User,English,True,718.11,56-65,2021,June,1
37,USR00037,20,Male,France,Paris,2021-07-24,Paid Ad,Power User,English,False,20.27,18-25,2021,July,0
38,USR00038,54,Female,India,Mumbai,2022-09-12,Referral,Power User,English,False,77.55,46-55,2022,September,0
39,USR00039,24,Female,France,Marseille,2021-05-22,Referral,Casual Viewer,French,True,174.23,18-25,2021,May,0
40,USR00040,38,Male,India,Delhi,2021-09-14,Referral,New User,English,False,30.96,36-45,2021,September,0
41,USR00041,26,Female,Germany,Berlin,2021-02-23,Organic,New User,English,True,153.33,26-35,2021,February,0
42,USR00042,56,Non-Binary,USA,New York,2022-10-19,Paid Ad,Casual Viewer,English,False,470.6,56-65,2022,October,1
43,USR00043,35,Male,UK,Birmingham,2022-05-08,Email Campaign,Casual Viewer,Spanish,True,342.93,26-35,2022,May,0
44,USR00044,21,Male,Canada,Toronto,2022-01-16,Referral,Casual Viewer,German,False,715.21,18-25,2022,January,1
45,USR00045,42,Male,USA,New York,2022-07-22,Referral,New User,English,True,655.78,36-45,2022,July,1
46,USR00046,31,Female,UK,London,2021-04-16,Paid Ad,New User,Hindi,True,280.04,26-35,2021,April,0
47,USR00047,26,Female,USA,Los Angeles,2022-06-13,Referral,Casual Viewer,Portuguese,False,214.94,26-35,2022,June,0
48,USR00048,43,Male,Canada,Toronto,2021-05-08,Paid Ad,Casual Viewer,Portuguese,True,309.96,36-45,2021,May,0
49,USR00049,19,Female,Germany,Hamburg,2021-10-19,Organic,Casual Viewer,English,True,476.33,18-25,2021,October,1
50,USR00050,37,Male,Canada,Vancouver,2021-03-27,Referral,New User,English,False,221.77,36-45,2021,March,0
51,USR00051,45,Female,Canada,Toronto,2021-06-14,Referral,Casual Viewer,English,False,503.08,36-45,2021,June,1
52,USR00052,64,Female,UK,London,2021-10-07,Email Campaign,New User,Hindi,True,333.44,56-65,2021,October,0
53,USR00053,24,Male,Canada,Vancouver,2022-04-06,Organic,Casual Viewer,English,True,446.12,18-25,2022,April,1
54,USR00054,61,Female,Brazil,São Paulo,2022-06-10,Referral,Casual Viewer,Spanish,True,354.54,56-65,2022,June,0
55,USR00055,25,Female,Germany,Berlin,2021-05-31,Organic,Casual Viewer,English,True,242.63,18-25,2021,May,0
56,USR00056,64,Female,India,Bangalore,2022-03-24,Email Campaign,Casual Viewer,English,True,759.28,56-65,2022,March,1
57,USR00057,52,Male,UK,Manchester,2021-04-04,Organic,Casual Viewer,Spanish,True,613.25,46-55,2021,April,1
58,USR00058,31,Non-Binary,Germany,Hamburg,2021-08-16,Organic,New User,English,False,120.69,26-35,2021,August,0
59,USR00059,34,Female,UK,London,2022-04-07,Social Media,At-Risk User,Spanish,False,696.09,26-35,2022,April,1
60,USR00060,53,Male,Australia,Brisbane,2021-12-24,Organic,At-Risk User,English,False,395.07,46-55,2021,December,0
61,USR00061,57,Male,Brazil,São Paulo,2021-01-28,Referral,At-Risk User,Spanish,True,716.7,56-65,2021,January,1
62,USR00062,21,Male,Germany,Munich,2022-03-01,Paid Ad,Casual Viewer,English,True,641.89,18-25,2022,March,1
63,USR00063,19,Female,India,Delhi,2021-02-24,Referral,New User,Hindi,True,345.92,18-25,2021,February,0
64,USR00064,23,Male,Germany,Munich,2022-02-10,Email Campaign,Casual Viewer,English,True,27.75,18-25,2022,February,0
65,USR00065,59,Female,France,Marseille,2022-05-30,Email Campaign,New User,German,True,222.26,56-65,2022,May,0
66,USR00066,21,Female,France,Marseille,2022-01-18,Referral,Casual Viewer,Hindi,False,437.89,18-25,2022,January,1
67,USR00067,46,Male,UK,London,2021-08-30,Organic,Casual Viewer,English,True,510.45,46-55,2021,August,1
68,USR00068,35,Non-Binary,USA,Los Angeles,2022-01-31,Organic,New User,English,True,213.73,26-35,2022,January,0
69,USR00069,43,Female,Canada,Montreal,2021-03-25,Social Media,Casual Viewer,English,True,120.09,36-45,2021,March,0
70,USR00070,61,Female,Canada,Toronto,2022-01-19,Social Media,Casual Viewer,English,False,669.59,56-65,2022,January,1
71,USR00071,51,Female,UK,Birmingham,2021-08-18,Referral,Casual Viewer,English,True,787.68,46-55,2021,August,1
72,USR00072,27,Male,Brazil,São Paulo,2021-01-29,Paid Ad,New User,Hindi,True,425.3,26-35,2021,January,1
73,USR00073,53,Female,Brazil,Brasília,2021-11-23,Social Media,Casual Viewer,German,True,145.63,46-55,2021,November,0
74,USR00074,31,Non-Binary,Canada,Montreal,2021-04-12,Organic,Casual Viewer,Portuguese,True,225.12,26-35,2021,April,0
75,USR00075,48,Male,Germany,Hamburg,2022-10-28,Email Campaign,Power User,English,True,24.53,46-55,2022,October,0
76,USR00076,32,Female,Australia,Melbourne,2021-12-10,Social Media,Casual Viewer,French,False,732.3,26-35,2021,December,1
77,USR00077,25,Female,Brazil,Rio de Janeiro,2021-05-30,Social Media,New User,Hindi,True,103.02,18-25,2021,May,0
78,USR00078,31,Female,Australia,Brisbane,2021-05-21,Referral,New User,French,True,465.45,26-35,2021,May,1
79,USR00079,40,Male,Canada,Toronto,2021-02-09,Referral,Casual Viewer,English,True,226.5,36-45,2021,February,0
80,USR00080,57,Female,UK,London,2021-10-21,Referral,At-Risk User,Spanish,False,447.8,56-65,2021,October,1
81,USR00081,38,Male,India,Delhi,2022-04-29,Referral,Casual Viewer,English,True,524.62,36-45,2022,April,1
82,USR00082,33,Female,Canada,Vancouver,2021-05-23,Referral,Power User,English,True,665.5,26-35,2021,May,1
83,USR00083,62,Female,India,Delhi,2022-04-26,Organic,Power User,English,False,173.07,56-65,2022,April,0
84,USR00084,35,Male,Brazil,Brasília,2022-04-05,Social Media,Casual Viewer,Portuguese,False,18.69,26-35,2022,April,0
85,USR00085,64,Female,Australia,Sydney,2022-09-23,Paid Ad,Casual Viewer,French,False,118.14,56-65,2022,September,0
86,USR00086,41,Male,UK,Manchester,2021-01-06,Social Media,Power User,English,False,721.01,36-45,2021,January,1
87,USR00087,43,Male,Brazil,Brasília,2021-03-23,Email Campaign,At-Risk User,German,True,700.37,36-45,2021,March,1
88,USR00088,42,Female,India,Delhi,2021-01-20,Social Media,At-Risk User,German,True,481.96,36-45,2021,January,1
89,USR00089,62,Male,USA,New York,2021-09-20,Social Media,New User,Spanish,False,484.41,56-65,2021,September,1
90,USR00090,58,Male,USA,New York,2021-08-09,Social Media,Casual Viewer,French,True,535.38,56-65,2021,August,1
91,USR00091,46,Female,USA,Los Angeles,2021-06-03,Referral,At-Risk User,English,True,148.54,46-55,2021,June,0
92,USR00092,32,Male,Germany,Hamburg,2022-07-16,Social Media,Casual Viewer,Portuguese,False,732.39,26-35,2022,July,1
93,USR00093,62,Male,France,Paris,2022-09-16,Social Media,Casual Viewer,English,True,340.83,56-65,2022,September,0
94,USR00094,18,Female,Australia,Sydney,2022-06-25,Email Campaign,At-Risk User,English,True,312.68,,2022,June,0
95,USR00095,42,Male,USA,New York,2022-03-10,Referral,At-Risk User,English,True,419.94,36-45,2022,March,1
96,USR00096,24,Female,Australia,Melbourne,2021-04-24,Social Media,Casual Viewer,Hindi,True,47.1,18-25,2021,April,0
97,USR00097,26,Female,Brazil,Brasília,2021-10-23,Organic,Power User,English,True,141.36,26-35,2021,October,0
98,USR00098,41,Male,India,Bangalore,2021-09-01,Referral,Casual Viewer,Spanish,True,593.05,36-45,2021,September,1
99,USR00099,18,Male,Brazil,Brasília,2021-11-05,Social Media,Casual Viewer,English,True,75.41,,2021,November,0
100,USR00100,61,Female,France,Marseille,2021-05-05,Email Campaign,Casual Viewer,Portuguese,True,486.49,56-65,2021,May,1
101,USR00101,25,Male,USA,Chicago,2021-02-18,Email Campaign,Casual Viewer,English,False,203.83,18-25,2021,February,0
102,USR00102,41,Female,Germany,Munich,2021-09-02,Email Campaign,Power User,English,True,317.54,36-45,2021,September,0
103,USR00103,28,Female,Germany,Munich,2022-03-06,Email Campaign,Casual Viewer,English,False,238.07,26-35,2022,March,0
104,USR00104,34,Female,India,Bangalore,2022-10-17,Social Media,New User,Hindi,True,290.98,26-35,2022,October,0
105,USR00105,25,Female,Canada,Montreal,2022-09-30,Social Media,Casual Viewer,French,True,578.05,18-25,2022,September,1
106,USR00106,52,Female,Germany,Munich,2022-04-14,Referral,Casual Viewer,French,False,244.73,46-55,2022,April,0
107,USR00107,52,Female,USA,Los Angeles,2021-03-06,Social Media,Casual Viewer,English,True,457.46,46-55,2021,March,1
108,USR00108,50,Female,Australia,Brisbane,2021-04-24,Paid Ad,Power User,English,False,386.08,46-55,2021,April,0
109,USR00109,22,Male,Australia,Brisbane,2022-05-27,Social Media,Casual Viewer,English,True,534.3,18-25,2022,May,1
110,USR00110,59,Male,Brazil,Rio de Janeiro,2022-09-04,Paid Ad,At-Risk User,English,False,750.1,56-65,2022,September,1
111,USR00111,56,Female,Brazil,São Paulo,2022-07-03,Social Media,Casual Viewer,Hindi,True,588.73,56-65,2022,July,1
112,USR00112,58,Male,Canada,Montreal,2021-01-17,Paid Ad,Power User,Spanish,False,179.8,56-65,2021,January,0
113,USR00113,45,Female,India,Mumbai,2022-10-10,Email Campaign,Casual Viewer,English,True,34.63,36-45,2022,October,0
114,USR00114,24,Male,UK,Birmingham,2022-06-12,Referral,Casual Viewer,English,False,217.19,18-25,2022,June,0
115,USR00115,26,Female,Brazil,Brasília,2022-08-12,Organic,Power User,English,True,480.11,26-35,2022,August,1
116,USR00116,25,Male,France,Marseille,2021-09-05,Referral,Power User,English,True,50.63,18-25,2021,September,0
117,USR00117,29,Female,Canada,Montreal,2021-05-28,Paid Ad,Power User,Spanish,False,402.13,26-35,2021,May,0
118,USR00118,51,Male,Germany,Berlin,2021-10-26,Social Media,Casual Viewer,Portuguese,True,481.51,46-55,2021,October,1
119,USR00119,50,Female,India,Delhi,2022-03-16,Referral,Casual Viewer,English,True,274.05,46-55,2022,March,0
120,USR00120,40,Male,UK,Manchester,2021-01-02,Paid Ad,Power User,English,True,619.02,36-45,2021,January,1
121,USR00121,41,Male,France,Paris,2022-09-22,Referral,Casual Viewer,English,True,94.21,36-45,2022,September,0
122,USR00122,54,Male,India,Delhi,2021-12-28,Organic,Power User,English,True,69.36,46-55,2021,December,0
123,USR00123,52,Male,France,Lyon,2021-09-04,Paid Ad,Power User,English,True,585.27,46-55,2021,September,1
124,USR00124,61,Male,India,Delhi,2022-08-08,Referral,Power User,French,False,401.44,56-65,2022,August,0
125,USR00125,57,Female,USA,Los Angeles,2022-03-03,Organic,New User,Hindi,True,553.84,56-65,2022,March,1
126,USR00126,39,Female,Canada,Vancouver,2021-07-11,Referral,At-Risk User,French,True,353.51,36-45,2021,July,0
127,USR00127,44,Male,USA,Chicago,2022-11-12,Organic,Casual Viewer,English,False,204.66,36-45,2022,November,0
128,USR00128,52,Male,Brazil,São Paulo,2022-11-16,Paid Ad,Casual Viewer,Hindi,False,657.09,46-55,2022,November,1
129,USR00129,18,Female,Brazil,Rio de Janeiro,2021-03-29,Email Campaign,Casual Viewer,English,True,641.54,,2021,March,1
130,USR00130,52,Female,France,Lyon,2022-06-21,Paid Ad,At-Risk User,English,True,558.81,46-55,2022,June,1
131,USR00131,54,Non-Binary,Canada,Vancouver,2022-01-05,Email Campaign,Power User,English,True,224.99,46-55,2022,January,0
132,USR00132,64,Female,USA,Chicago,2021-03-11,Email Campaign,Casual Viewer,English,True,476.28,56-65,2021,March,1
133,USR00133,31,Male,Brazil,Rio de Janeiro,2022-06-23,Paid Ad,Power User,Spanish,True,295.17,26-35,2022,June,0
134,USR00134,20,Male,Brazil,Rio de Janeiro,2022-07-12,Organic,Casual Viewer,French,True,82.35,18-25,2022,July,0
135,USR00135,18,Male,USA,New York,2022-06-04,Email Campaign,At-Risk User,English,True,734.68,,2022,June,1
136,USR00136,22,Male,Australia,Brisbane,2022-06-04,Social Media,Casual Viewer,Portuguese,True,118.09,18-25,2022,June,0
137,USR00137,43,Male,USA,Los Angeles,2022-07-22,Referral,Power User,English,False,760.69,36-45,2022,July,1
138,USR00138,31,Male,France,Paris,2021-01-21,Email Campaign,New User,English,False,362.34,26-35,2021,January,0
139,USR00139,56,Female,France,Paris,2022-02-04,Organic,Power User,English,True,156.26,56-65,2022,February,0
140,USR00140,44,Male,UK,London,2022-04-27,Paid Ad,Power User,French,True,438.1,36-45,2022,April,1
141,USR00141,26,Non-Binary,Australia,Sydney,2021-02-14,Paid Ad,Casual Viewer,English,True,699.63,26-35,2021,February,1
142,USR00142,32,Female,India,Delhi,2022-10-13,Referral,Power User,English,False,588.46,26-35,2022,October,1
143,USR00143,32,Female,Canada,Toronto,2022-02-01,Email Campaign,New User,Hindi,True,647.18,26-35,2022,February,1
144,USR00144,43,Male,France,Marseille,2022-01-18,Email Campaign,At-Risk User,English,True,530.44,36-45,2022,January,1
145,USR00145,59,Female,Australia,Brisbane,2021-09-17,Organic,Power User,English,False,556.9,56-65,2021,September,1
146,USR00146,30,Female,UK,Manchester,2021-01-17,Email Campaign,Casual Viewer,Hindi,False,680.86,26-35,2021,January,1
147,USR00147,49,Female,India,Mumbai,2022-01-01,Organic,Power User,Portuguese,False,207.24,46-55,2022,January,0
148,USR00148,56,Female,Germany,Hamburg,2021-03-11,Email Campaign,At-Risk User,English,False,396.65,56-65,2021,March,0
149,USR00149,49,Male,UK,London,2021-12-20,Email Campaign,Casual Viewer,Hindi,True,184.76,46-55,2021,December,0
150,USR00150,21,Male,Canada,Montreal,2021-09-04,Social Media,New User,English,True,790.26,18-25,2021,September,1
151,USR00151,47,Male,Brazil,Brasília,2022-11-04,Paid Ad,Casual Viewer,Spanish,False,755.81,46-55,2022,November,1
152,USR00152,54,Male,Germany,Hamburg,2022-10-06,Email Campaign,Casual Viewer,Spanish,False,41.15,46-55,2022,October,0
153,USR00153,40,Female,Australia,Melbourne,2021-04-17,Email Campaign,Casual Viewer,Spanish,True,567.4,36-45,2021,April,1
154,USR00154,56,Male,India,Bangalore,2022-08-19,Email Campaign,Casual Viewer,English,True,740.95,56-65,2022,August,1
155,USR00155,62,Female,USA,New York,2021-12-07,Email Campaign,Casual Viewer,Hindi,True,152.65,56-65,2021,December,0
156,USR00156,32,Male,UK,Manchester,2021-05-17,Organic,Casual Viewer,English,False,458.68,26-35,2021,May,1
157,USR00157,60,Male,Canada,Vancouver,2021-02-15,Paid Ad,Casual Viewer,English,False,733.24,56-65,2021,February,1
158,USR00158,46,Female,India,Bangalore,2021-12-27,Organic,Power User,German,True,36.82,46-55,2021,December,0
159,USR00159,53,Male,UK,Manchester,2022-07-14,Email Campaign,Casual Viewer,English,True,560.96,46-55,2022,July,1
160,USR00160,30,Male,UK,Birmingham,2021-12-13,Social Media,Casual Viewer,English,True,244.91,26-35,2021,December,0
161,USR00161,49,Female,USA,New York,2022-10-21,Email Campaign,Casual Viewer,German,False,740.27,46-55,2022,October,1
162,USR00162,24,Male,Germany,Munich,2021-06-29,Paid Ad,New User,Hindi,False,777.14,18-25,2021,June,1
163,USR00163,39,Non-Binary,UK,Birmingham,2022-04-21,Paid Ad,New User,English,False,755.97,36-45,2022,April,1
164,USR00164,45,Male,Brazil,Rio de Janeiro,2022-05-06,Email Campaign,Casual Viewer,English,True,384.63,36-45,2022,May,0
165,USR00165,19,Female,France,Lyon,2022-10-09,Email Campaign,At-Risk User,English,True,691.01,18-25,2022,October,1
166,USR00166,59,Female,USA,New York,2021-07-06,Paid Ad,New User,English,True,677.19,56-65,2021,July,1
167,USR00167,62,Female,UK,Birmingham,2021-05-19,Organic,At-Risk User,Spanish,True,262.09,56-65,2021,May,0
168,USR00168,23,Male,Germany,Hamburg,2021-03-06,Organic,New User,Hindi,False,664.84,18-25,2021,March,1
169,USR00169,45,Female,UK,London,2022-04-14,Organic,Casual Viewer,English,False,39.24,36-45,2022,April,0
170,USR00170,45,Male,UK,London,2021-02-07,Paid Ad,Casual Viewer,English,False,481.05,36-45,2021,February,1
171,USR00171,61,Male,Brazil,Brasília,2021-10-28,Social Media,Casual Viewer,French,False,191.71,56-65,2021,October,0
172,USR00172,61,Female,India,Delhi,2021-07-26,Organic,Casual Viewer,English,True,105.25,56-65,2021,July,0
173,USR00173,37,Non-Binary,Australia,Sydney,2021-02-14,Referral,Casual Viewer,English,False,70.79,36-45,2021,February,0
174,USR00174,47,Male,France,Paris,2021-07-24,Referral,Casual Viewer,English,False,560.07,46-55,2021,July,1
175,USR00175,28,Female,France,Lyon,2021-02-12,Paid Ad,Power User,English,False,278.5,26-35,2021,February,0
176,USR00176,45,Female,UK,Birmingham,2021-11-20,Referral,Casual Viewer,German,True,582.57,36-45,2021,November,1
177,USR00177,42,Female,USA,Los Angeles,2021-11-14,Organic,Casual Viewer,English,True,61.63,36-45,2021,November,0
178,USR00178,56,Female,Australia,Sydney,2022-06-12,Email Campaign,Power User,Spanish,True,259.08,56-65,2022,June,0
179,USR00179,50,Male,Australia,Melbourne,2022-02-12,Email Campaign,New User,English,False,436.2,46-55,2022,February,1
180,USR00180,18,Male,Australia,Brisbane,2022-07-11,Email Campaign,Power User,English,True,634.67,,2022,July,1
181,USR00181,44,Female,Germany,Berlin,2022-04-30,Paid Ad,Power User,English,True,261.81,36-45,2022,April,0
182,USR00182,30,Male,Germany,Munich,2021-09-17,Organic,Power User,Spanish,True,504.45,26-35,2021,September,1
183,USR00183,58,Male,Brazil,Brasília,2021-02-07,Referral,New User,English,True,709.92,56-65,2021,February,1
184,USR00184,20,Male,USA,Chicago,2022-10-25,Organic,At-Risk User,English,True,496.53,18-25,2022,October,1
185,USR00185,56,Male,Australia,Brisbane,2021-07-15,Organic,Casual Viewer,English,True,194.04,56-65,2021,July,0
186,USR00186,23,Male,Canada,Montreal,2021-10-20,Social Media,New User,English,True,29.28,18-25,2021,October,0
187,USR00187,25,Female,France,Marseille,2022-01-01,Social Media,New User,German,True,697.38,18-25,2022,January,1
188,USR00188,44,Male,UK,Birmingham,2021-02-18,Social Media,Casual Viewer,Spanish,False,26.8,36-45,2021,February,0
189,USR00189,26,Male,UK,London,2022-11-03,Social Media,At-Risk User,Spanish,True,701.01,26-35,2022,November,1
190,USR00190,54,Female,Australia,Brisbane,2021-12-06,Referral,Casual Viewer,Hindi,False,427.86,46-55,2021,December,1
191,USR00191,50,Female,Australia,Brisbane,2021-10-07,Email Campaign,Casual Viewer,Hindi,True,751.86,46-55,2021,October,1
192,USR00192,59,Male,Canada,Montreal,2021-05-08,Social Media,New User,Portuguese,True,641.04,56-65,2021,May,1
193,USR00193,61,Female,UK,Manchester,2022-01-12,Referral,Power User,Hindi,False,798.37,56-65,2022,January,1
194,USR00194,41,Female,Brazil,São Paulo,2022-03-24,Organic,Casual Viewer,English,True,287.06,36-45,2022,March,0
195,USR00195,32,Female,Australia,Sydney,2022-02-14,Referral,New User,Spanish,True,616.08,26-35,2022,February,1
196,USR00196,49,Female,France,Lyon,2022-03-27,Referral,Power User,English,True,327.53,46-55,2022,March,0
197,USR00197,49,Female,India,Bangalore,2022-01-31,Organic,New User,German,False,389.1,46-55,2022,January,0
198,USR00198,41,Female,USA,Los Angeles,2021-12-14,Organic,Casual Viewer,Spanish,True,505.73,36-45,2021,December,1
199,USR00199,58,Male,Brazil,Rio de Janeiro,2021-07-11,Social Media,Casual Viewer,English,True,700.2,56-65,2021,July,1
200,USR00200,29,Female,France,Lyon,2022-05-24,Paid Ad,Power User,English,True,787.43,26-35,2022,May,1
201,USR00201,56,Female,Brazil,São Paulo,2022-05-25,Paid Ad,Casual Viewer,English,True,616.94,56-65,2022,May,1
202,USR00202,19,Female,Brazil,São Paulo,2022-01-12,Email Campaign,Power User,English,True,340.04,18-25,2022,January,0
203,USR00203,20,Female,France,Paris,2022-06-16,Referral,Power User,German,True,342.87,18-25,2022,June,0
204,USR00204,54,Male,UK,Birmingham,2021-10-01,Social Media,New User,Hindi,True,592.69,46-55,2021,October,1
205,USR00205,34,Male,Australia,Brisbane,2021-03-26,Organic,New User,English,True,198.63,26-35,2021,March,0
206,USR00206,19,Male,UK,Manchester,2022-03-11,Email Campaign,At-Risk User,Portuguese,True,97.27,18-25,2022,March,0
207,USR00207,19,Female,Australia,Sydney,2021-03-22,Social Media,New User,Spanish,False,290.15,18-25,2021,March,0
208,USR00208,45,Female,USA,New York,2022-03-17,Referral,Casual Viewer,Hindi,True,236.92,36-45,2022,March,0
209,USR00209,40,Male,Australia,Brisbane,2022-09-09,Social Media,Casual Viewer,Portuguese,True,244.08,36-45,2022,September,0
210,USR00210,54,Male,Brazil,Brasília,2021-07-04,Organic,Casual Viewer,Portuguese,False,194.55,46-55,2021,July,0
211,USR00211,49,Female,Canada,Toronto,2022-07-13,Organic,At-Risk User,English,True,43.25,46-55,2022,July,0
212,USR00212,50,Female,France,Paris,2021-10-28,Referral,Casual Viewer,French,True,24.12,46-55,2021,October,0
213,USR00213,18,Female,Australia,Brisbane,2021-11-25,Referral,Power User,English,False,790.3,,2021,November,1
214,USR00214,36,Female,Australia,Brisbane,2021-04-16,Paid Ad,Casual Viewer,Hindi,False,347.94,36-45,2021,April,0
215,USR00215,19,Female,Brazil,São Paulo,2021-03-23,Paid Ad,Power User,German,True,313.62,18-25,2021,March,0
216,USR00216,61,Male,Brazil,Rio de Janeiro,2021-12-02,Paid Ad,Casual Viewer,English,False,546.92,56-65,2021,December,1
217,USR00217,43,Male,India,Delhi,2022-11-08,Paid Ad,Casual Viewer,Portuguese,True,182.42,36-45,2022,November,0
218,USR00218,49,Male,Germany,Munich,2021-10-30,Referral,Power User,English,True,760.47,46-55,2021,October,1
219,USR00219,23,Male,UK,Manchester,2021-11-10,Social Media,Power User,Hindi,True,631.21,18-25,2021,November,1
220,USR00220,49,Male,Canada,Toronto,2022-04-02,Social Media,Power User,Hindi,False,80.63,46-55,2022,April,0
221,USR00221,21,Male,Brazil,Rio de Janeiro,2022-09-10,Referral,Power User,English,True,339.89,18-25,2022,September,0
222,USR00222,28,Non-Binary,India,Delhi,2022-03-13,Email Campaign,Casual Viewer,Hindi,True,704.5,26-35,2022,March,1
223,USR00223,34,Female,India,Bangalore,2021-06-20,Organic,Power User,Hindi,True,756.34,26-35,2021,June,1
224,USR00224,55,Female,Germany,Munich,2022-03-31,Paid Ad,New User,English,True,379.25,46-55,2022,March,0
225,USR00225,41,Female,USA,Chicago,2021-12-26,Referral,New User,Spanish,True,494.59,36-45,2021,December,1
226,USR00226,22,Non-Binary,India,Bangalore,2022-04-03,Organic,New User,Hindi,True,141.96,18-25,2022,April,0
227,USR00227,51,Female,India,Mumbai,2021-02-13,Paid Ad,Casual Viewer,French,True,793.02,46-55,2021,February,1
228,USR00228,23,Male,France,Paris,2021-12-28,Organic,New User,German,True,193.02,18-25,2021,December,0
229,USR00229,39,Male,UK,London,2022-09-22,Paid Ad,Power User,English,True,754.76,36-45,2022,September,1
230,USR00230,28,Female,Brazil,São Paulo,2022-03-22,Paid Ad,Casual Viewer,French,True,523.22,26-35,2022,March,1
231,USR00231,33,Male,USA,Chicago,2021-10-09,Paid Ad,Casual Viewer,Portuguese,True,490.11,26-35,2021,October,1
232,USR00232,50,Female,UK,London,2022-10-17,Organic,New User,Spanish,True,415.02,46-55,2022,October,0
233,USR00233,26,Female,India,Bangalore,2021-02-28,Social Media,Casual Viewer,Spanish,False,192.23,26-35,2021,February,0
234,USR00234,23,Male,Germany,Berlin,2021-03-18,Paid Ad,New User,English,True,149.46,18-25,2021,March,0
235,USR00235,33,Female,UK,Manchester,2022-11-19,Organic,Power User,Portuguese,True,184.18,26-35,2022,November,0
236,USR00236,46,Female,USA,Los Angeles,2022-10-15,Social Media,Power User,German,True,157.29,46-55,2022,October,0
237,USR00237,20,Female,Brazil,Brasília,2022-02-20,Paid Ad,Power User,English,True,625.87,18-25,2022,February,1
238,USR00238,37,Male,UK,Manchester,2022-01-08,Organic,At-Risk User,English,True,286.6,36-45,2022,January,0
239,USR00239,53,Male,India,Delhi,2022-06-10,Paid Ad,Casual Viewer,English,True,55.7,46-55,2022,June,0
240,USR00240,36,Male,India,Bangalore,2022-11-27,Email Campaign,Casual Viewer,English,True,775.59,36-45,2022,November,1
241,USR00241,43,Female,Australia,Melbourne,2021-06-13,Paid Ad,New User,English,True,708.19,36-45,2021,June,1
242,USR00242,20,Female,India,Delhi,2021-02-01,Paid Ad,Casual Viewer,English,True,742.92,18-25,2021,February,1
243,USR00243,36,Male,India,Delhi,2021-05-27,Paid Ad,Casual Viewer,Spanish,True,795.98,36-45,2021,May,1
244,USR00244,37,Female,Brazil,São Paulo,2022-09-15,Organic,New User,English,True,147.38,36-45,2022,September,0
245,USR00245,49,Male,UK,Birmingham,2022-11-26,Paid Ad,Casual Viewer,German,True,323.03,46-55,2022,November,0
246,USR00246,24,Female,Germany,Berlin,2022-03-25,Email Campaign,New User,English,True,609.01,18-25,2022,March,1
247,USR00247,58,Female,UK,Manchester,2021-02-05,Referral,New User,English,True,559.86,56-65,2021,February,1
248,USR00248,50,Female,Australia,Melbourne,2021-05-10,Social Media,Power User,French,True,131.58,46-55,2021,May,0
249,USR00249,57,Male,Germany,Berlin,2021-03-10,Email Campaign,At-Risk User,German,True,654.51,56-65,2021,March,1
250,USR00250,56,Male,Canada,Vancouver,2021-08-30,Referral,Casual Viewer,Hindi,False,187.31,56-65,2021,August,0
251,USR00251,35,Male,Canada,Montreal,2022-10-23,Paid Ad,Casual Viewer,English,True,186.82,26-35,2022,October,0
252,USR00252,57,Non-Binary,France,Marseille,2022-01-11,Organic,Power User,English,True,434.21,56-65,2022,January,1
253,USR00253,18,Male,USA,Chicago,2022-01-06,Social Media,Casual Viewer,Spanish,False,478.42,,2022,January,1
254,USR00254,28,Female,Australia,Melbourne,2022-01-28,Organic,Power User,German,False,468.27,26-35,2022,January,1
255,USR00255,45,Non-Binary,Brazil,Brasília,2022-08-04,Email Campaign,Casual Viewer,Hindi,True,82.27,36-45,2022,August,0
256,USR00256,42,Female,Brazil,Brasília,2021-02-03,Email Campaign,New User,Hindi,True,703.19,36-45,2021,February,1
257,USR00257,40,Female,USA,Los Angeles,2022-09-12,Organic,New User,German,False,219.82,36-45,2022,September,0
258,USR00258,48,Male,UK,London,2021-06-07,Email Campaign,Power User,Portuguese,False,112.32,46-55,2021,June,0
259,USR00259,47,Male,Canada,Toronto,2022-11-27,Organic,Casual Viewer,English,True,712.11,46-55,2022,November,1
260,USR00260,59,Male,Brazil,Rio de Janeiro,2022-04-06,Paid Ad,Casual Viewer,Portuguese,True,764.96,56-65,2022,April,1
261,USR00261,52,Female,Brazil,Brasília,2022-01-15,Referral,Casual Viewer,English,True,691.08,46-55,2022,January,1
262,USR00262,24,Female,Brazil,São Paulo,2022-01-16,Referral,New User,English,True,649.52,18-25,2022,January,1
263,USR00263,33,Female,Canada,Toronto,2022-03-31,Email Campaign,Casual Viewer,English,True,527.64,26-35,2022,March,1
264,USR00264,43,Male,UK,London,2021-03-20,Referral,Power User,English,True,445.18,36-45,2021,March,1
265,USR00265,19,Female,France,Lyon,2022-08-11,Paid Ad,Power User,English,True,78.72,18-25,2022,August,0
266,USR00266,18,Female,Germany,Berlin,2021-05-21,Email Campaign,Casual Viewer,Portuguese,False,332.68,,2021,May,0
267,USR00267,29,Male,India,Mumbai,2022-06-27,Social Media,New User,Hindi,True,304.42,26-35,2022,June,0
268,USR00268,22,Female,Brazil,Rio de Janeiro,2022-01-11,Email Campaign,New User,Portuguese,True,215.21,18-25,2022,January,0
269,USR00269,54,Male,Germany,Munich,2022-02-12,Email Campaign,Power User,Spanish,True,581.5,46-55,2022,February,1
270,USR00270,49,Non-Binary,USA,Los Angeles,2021-11-18,Social Media,Power User,English,False,401.74,46-55,2021,November,0
271,USR00271,26,Female,France,Paris,2022-10-28,Referral,Casual Viewer,Portuguese,True,74.03,26-35,2022,October,0
272,USR00272,58,Male,Canada,Toronto,2021-10-13,Referral,Power User,French,True,183.94,56-65,2021,October,0
273,USR00273,52,Male,Germany,Munich,2021-09-13,Paid Ad,New User,German,True,549.77,46-55,2021,September,1
274,USR00274,36,Female,Brazil,Brasília,2021-04-27,Referral,Power User,Hindi,True,70.14,36-45,2021,April,0
275,USR00275,33,Female,UK,Manchester,2021-01-27,Social Media,Casual Viewer,English,True,682.45,26-35,2021,January,1
276,USR00276,20,Male,USA,New York,2021-07-10,Organic,At-Risk User,Spanish,True,401.17,18-25,2021,July,0
277,USR00277,37,Non-Binary,USA,New York,2022-05-27,Paid Ad,New User,English,True,389.66,36-45,2022,May,0
278,USR00278,41,Female,India,Delhi,2022-06-15,Paid Ad,Power User,English,True,478.0,36-45,2022,June,1
279,USR00279,50,Male,Canada,Montreal,2022-02-01,Referral,Power User,French,True,661.5,46-55,2022,February,1
280,USR00280,41,Male,India,Bangalore,2022-07-30,Social Media,Casual Viewer,English,True,284.77,36-45,2022,July,0
281,USR00281,28,Female,Germany,Berlin,2021-05-01,Organic,At-Risk User,French,True,545.63,26-35,2021,May,1
282,USR00282,25,Female,UK,Birmingham,2021-09-26,Organic,Casual Viewer,Portuguese,True,456.93,18-25,2021,September,1
283,USR00283,53,Female,Germany,Hamburg,2021-09-24,Social Media,Casual Viewer,Portuguese,True,220.95,46-55,2021,September,0
284,USR00284,55,Female,Canada,Montreal,2022-04-02,Referral,Power User,English,False,704.12,46-55,2022,April,1
285,USR00285,57,Male,Australia,Melbourne,2021-08-08,Paid Ad,Casual Viewer,Portuguese,True,639.97,56-65,2021,August,1
286,USR00286,37,Female,Brazil,São Paulo,2022-09-19,Paid Ad,At-Risk User,Portuguese,True,530.18,36-45,2022,September,1
287,USR00287,52,Non-Binary,France,Lyon,2021-10-20,Email Campaign,Power User,English,False,681.96,46-55,2021,October,1
288,USR00288,42,Male,USA,Chicago,2022-05-18,Social Media,Casual Viewer,Spanish,True,695.16,36-45,2022,May,1
289,USR00289,52,Female,Australia,Sydney,2021-07-24,Social Media,Power User,German,True,569.61,46-55,2021,July,1
290,USR00290,42,Male,Canada,Vancouver,2021-05-06,Social Media,Casual Viewer,Portuguese,True,671.24,36-45,2021,May,1
291,USR00291,46,Female,USA,New York,2021-05-19,Email Campaign,Casual Viewer,English,True,561.0,46-55,2021,May,1
292,USR00292,35,Female,France,Lyon,2021-03-17,Referral,Power User,Spanish,False,547.31,26-35,2021,March,1
293,USR00293,63,Female,Germany,Berlin,2022-04-08,Organic,Power User,Portuguese,True,498.7,56-65,2022,April,1
294,USR00294,35,Female,Canada,Vancouver,2021-06-26,Email Campaign,New User,English,True,604.65,26-35,2021,June,1
295,USR00295,19,Male,Germany,Hamburg,2022-04-01,Paid Ad,New User,French,True,135.3,18-25,2022,April,0
296,USR00296,52,Female,India,Delhi,2021-03-31,Referral,Casual Viewer,English,True,705.89,46-55,2021,March,1
297,USR00297,33,Male,Australia,Brisbane,2022-11-30,Email Campaign,Casual Viewer,Portuguese,True,698.76,26-35,2022,November,1
298,USR00298,58,Female,USA,Los Angeles,2021-11-24,Organic,New User,English,True,33.11,56-65,2021,November,0
299,USR00299,53,Female,USA,Chicago,2022-11-15,Social Media,Casual Viewer,German,True,662.4,46-55,2022,November,1
300,USR00300,50,Female,Brazil,Brasília,2021-12-22,Organic,Casual Viewer,English,False,111.81,46-55,2021,December,0
301,USR00301,21,Male,Brazil,Rio de Janeiro,2021-03-08,Organic,Casual Viewer,French,True,274.74,18-25,2021,March,0
302,USR00302,50,Male,India,Delhi,2022-07-18,Paid Ad,Casual Viewer,Spanish,True,597.37,46-55,2022,July,1
303,USR00303,31,Female,France,Paris,2022-07-10,Referral,Power User,German,True,137.0,26-35,2022,July,0
304,USR00304,38,Non-Binary,India,Delhi,2021-10-25,Organic,Casual Viewer,English,True,656.19,36-45,2021,October,1
305,USR00305,37,Female,UK,London,2021-11-04,Referral,Casual Viewer,English,True,667.39,36-45,2021,November,1
306,USR00306,25,Male,UK,Manchester,2021-06-11,Paid Ad,At-Risk User,English,True,410.9,18-25,2021,June,0
307,USR00307,24,Female,Canada,Toronto,2022-10-16,Social Media,At-Risk User,English,True,15.04,18-25,2022,October,0
308,USR00308,20,Male,Brazil,Brasília,2021-06-28,Social Media,Power User,English,True,236.76,18-25,2021,June,0
309,USR00309,34,Female,France,Lyon,2022-01-06,Email Campaign,New User,English,True,497.37,26-35,2022,January,1
310,USR00310,50,Female,France,Marseille,2022-06-05,Organic,At-Risk User,English,False,785.14,46-55,2022,June,1
311,USR00311,29,Male,Brazil,Rio de Janeiro,2021-08-18,Paid Ad,Power User,English,True,509.13,26-35,2021,August,1
312,USR00312,39,Male,UK,London,2021-05-05,Social Media,At-Risk User,French,True,215.24,36-45,2021,May,0
313,USR00313,39,Male,UK,Manchester,2021-07-25,Email Campaign,At-Risk User,Portuguese,True,510.86,36-45,2021,July,1
314,USR00314,63,Female,USA,New York,2021-05-23,Referral,At-Risk User,German,False,436.59,56-65,2021,May,1
315,USR00315,47,Female,France,Paris,2021-08-31,Social Media,New User,English,True,626.08,46-55,2021,August,1
316,USR00316,55,Male,Brazil,Rio de Janeiro,2022-05-21,Paid Ad,At-Risk User,English,True,94.51,46-55,2022,May,0
317,USR00317,55,Female,Australia,Brisbane,2021-01-27,Referral,Casual Viewer,Spanish,False,611.21,46-55,2021,January,1
318,USR00318,62,Male,India,Delhi,2022-01-05,Social Media,Power User,English,False,437.6,56-65,2022,January,1
319,USR00319,25,Female,UK,Birmingham,2022-07-22,Social Media,Power User,English,False,770.76,18-25,2022,July,1
320,USR00320,44,Female,Brazil,São Paulo,2022-08-10,Organic,Power User,German,True,280.08,36-45,2022,August,0
321,USR00321,44,Female,France,Lyon,2022-01-13,Referral,Power User,French,True,509.77,36-45,2022,January,1
322,USR00322,51,Male,Brazil,Rio de Janeiro,2022-04-24,Social Media,Casual Viewer,French,True,746.3,46-55,2022,April,1
323,USR00323,38,Female,France,Marseille,2022-07-19,Social Media,Casual Viewer,English,False,90.98,36-45,2022,July,0
324,USR00324,47,Female,Brazil,Rio de Janeiro,2021-05-13,Organic,Casual Viewer,English,True,750.41,46-55,2021,May,1
325,USR00325,50,Non-Binary,USA,New York,2022-09-19,Email Campaign,Casual Viewer,Hindi,True,553.43,46-55,2022,September,1
326,USR00326,45,Female,Germany,Munich,2021-03-30,Email Campaign,Casual Viewer,English,True,63.59,36-45,2021,March,0
327,USR00327,64,Male,Canada,Toronto,2021-03-09,Email Campaign,Power User,English,False,247.76,56-65,2021,March,0
328,USR00328,50,Female,Brazil,São Paulo,2021-11-13,Referral,At-Risk User,Portuguese,True,569.46,46-55,2021,November,1
329,USR00329,22,Female,France,Marseille,2022-02-12,Paid Ad,New User,English,True,63.21,18-25,2022,February,0
330,USR00330,36,Female,France,Marseille,2022-05-06,Paid Ad,Casual Viewer,English,True,469.91,36-45,2022,May,1
331,USR00331,21,Female,France,Paris,2022-06-23,Email Campaign,Casual Viewer,English,True,283.25,18-25,2022,June,0
332,USR00332,52,Male,Canada,Montreal,2022-02-25,Email Campaign,At-Risk User,French,True,500.52,46-55,2022,February,1
333,USR00333,34,Female,France,Marseille,2022-02-24,Referral,Casual Viewer,Spanish,True,46.14,26-35,2022,February,0
334,USR00334,61,Male,USA,New York,2022-08-12,Referral,At-Risk User,German,True,698.51,56-65,2022,August,1
335,USR00335,45,Female,France,Lyon,2021-03-17,Social Media,Casual Viewer,English,True,779.06,36-45,2021,March,1
336,USR00336,47,Male,France,Lyon,2021-05-09,Paid Ad,New User,Spanish,True,775.41,46-55,2021,May,1
337,USR00337,46,Female,UK,Birmingham,2021-11-21,Organic,Power User,Spanish,True,602.22,46-55,2021,November,1
338,USR00338,63,Male,France,Marseille,2022-10-20,Social Media,Power User,English,True,112.77,56-65,2022,October,0
339,USR00339,23,Male,Australia,Sydney,2021-03-17,Referral,Power User,English,True,609.03,18-25,2021,March,1
340,USR00340,52,Non-Binary,Canada,Toronto,2022-04-06,Paid Ad,Casual Viewer,Portuguese,True,29.42,46-55,2022,April,0
341,USR00341,58,Male,France,Paris,2022-04-23,Email Campaign,Power User,English,True,27.48,56-65,2022,April,0
342,USR00342,54,Female,UK,London,2022-11-28,Social Media,Casual Viewer,German,True,265.65,46-55,2022,November,0
343,USR00343,41,Female,USA,Los Angeles,2022-06-14,Referral,New User,English,True,396.03,36-45,2022,June,0
344,USR00344,46,Female,UK,London,2021-12-19,Email Campaign,Casual Viewer,English,False,618.62,46-55,2021,December,1
345,USR00345,63,Female,Canada,Toronto,2021-05-12,Email Campaign,Casual Viewer,English,True,549.8,56-65,2021,May,1
346,USR00346,48,Female,France,Marseille,2022-07-19,Paid Ad,Casual Viewer,English,False,362.26,46-55,2022,July,0
347,USR00347,52,Male,Brazil,São Paulo,2022-10-18,Email Campaign,Casual Viewer,French,True,226.17,46-55,2022,October,0
348,USR00348,50,Male,Canada,Montreal,2022-08-25,Paid Ad,Casual Viewer,French,True,797.73,46-55,2022,August,1
349,USR00349,38,Female,Germany,Berlin,2021-07-06,Organic,Power User,French,False,346.68,36-45,2021,July,0
350,USR00350,49,Female,Australia,Sydney,2021-05-13,Social Media,Casual Viewer,English,True,366.6,46-55,2021,May,0
351,USR00351,40,Female,Brazil,Brasília,2022-03-20,Social Media,Casual Viewer,English,True,139.26,36-45,2022,March,0
352,USR00352,50,Male,India,Delhi,2022-05-30,Referral,Casual Viewer,English,True,637.9,46-55,2022,May,1
353,USR00353,20,Male,Brazil,Rio de Janeiro,2021-02-26,Email Campaign,Casual Viewer,English,True,558.01,18-25,2021,February,1
354,USR00354,35,Female,USA,Chicago,2021-05-08,Email Campaign,Casual Viewer,Spanish,False,184.41,26-35,2021,May,0
355,USR00355,42,Female,Brazil,Brasília,2022-06-15,Organic,Power User,Hindi,False,75.08,36-45,2022,June,0
356,USR00356,59,Non-Binary,UK,Manchester,2021-06-06,Referral,New User,English,False,547.59,56-65,2021,June,1
357,USR00357,48,Female,Brazil,Brasília,2021-11-08,Organic,New User,English,True,527.06,46-55,2021,November,1
358,USR00358,20,Male,Canada,Montreal,2021-06-18,Social Media,Power User,English,False,225.88,18-25,2021,June,0
359,USR00359,57,Male,USA,Chicago,2021-06-15,Referral,Casual Viewer,English,False,761.18,56-65,2021,June,1
360,USR00360,63,Female,Australia,Brisbane,2021-11-27,Referral,New User,French,True,129.34,56-65,2021,November,0
361,USR00361,41,Female,Germany,Hamburg,2021-08-19,Email Campaign,At-Risk User,Spanish,True,351.54,36-45,2021,August,0
362,USR00362,49,Male,Canada,Vancouver,2021-12-21,Organic,Casual Viewer,English,False,755.46,46-55,2021,December,1
363,USR00363,64,Female,India,Bangalore,2022-06-16,Referral,New User,English,True,341.58,56-65,2022,June,0
364,USR00364,39,Female,India,Delhi,2021-10-18,Referral,At-Risk User,English,False,514.44,36-45,2021,October,1
365,USR00365,40,Male,Australia,Sydney,2021-03-22,Paid Ad,Casual Viewer,English,True,324.1,36-45,2021,March,0
366,USR00366,19,Female,India,Delhi,2021-09-14,Paid Ad,Power User,English,False,226.63,18-25,2021,September,0
367,USR00367,44,Male,Canada,Toronto,2021-07-21,Email Campaign,New User,Hindi,True,787.34,36-45,2021,July,1
368,USR00368,59,Male,Germany,Munich,2022-10-13,Social Media,Power User,English,True,333.37,56-65,2022,October,0
369,USR00369,19,Male,USA,Los Angeles,2022-07-19,Email Campaign,New User,English,True,716.34,18-25,2022,July,1
370,USR00370,43,Female,Brazil,Brasília,2021-10-09,Organic,At-Risk User,English,False,191.66,36-45,2021,October,0
371,USR00371,34,Female,India,Delhi,2021-05-09,Email Campaign,Casual Viewer,French,True,178.35,26-35,2021,May,0
372,USR00372,57,Female,Germany,Munich,2022-10-03,Email Campaign,Power User,English,True,34.6,56-65,2022,October,0
373,USR00373,50,Male,Germany,Hamburg,2021-11-07,Organic,Casual Viewer,Spanish,True,524.82,46-55,2021,November,1
374,USR00374,26,Male,Germany,Berlin,2022-09-22,Email Campaign,Casual Viewer,English,False,301.14,26-35,2022,September,0
375,USR00375,60,Female,Canada,Vancouver,2022-07-01,Paid Ad,At-Risk User,German,True,692.84,56-65,2022,July,1
376,USR00376,56,Female,USA,Chicago,2021-04-06,Social Media,New User,English,False,383.84,56-65,2021,April,0
377,USR00377,46,Male,Germany,Berlin,2022-05-30,Referral,Casual Viewer,English,True,774.87,46-55,2022,May,1
378,USR00378,59,Female,Canada,Vancouver,2022-10-19,Social Media,Casual Viewer,English,True,156.57,56-65,2022,October,0
379,USR00379,43,Male,Canada,Vancouver,2021-06-22,Email Campaign,Power User,English,True,696.21,36-45,2021,June,1
380,USR00380,52,Male,France,Lyon,2022-08-30,Paid Ad,Casual Viewer,English,True,623.51,46-55,2022,August,1
381,USR00381,42,Male,Germany,Berlin,2022-08-18,Referral,Power User,English,False,619.03,36-45,2022,August,1
382,USR00382,41,Male,Canada,Toronto,2021-06-07,Social Media,Power User,English,True,677.38,36-45,2021,June,1
383,USR00383,30,Male,Canada,Vancouver,2021-06-25,Paid Ad,New User,Hindi,True,611.21,26-35,2021,June,1
384,USR00384,24,Female,Australia,Melbourne,2022-11-06,Social Media,Casual Viewer,French,False,504.71,18-25,2022,November,1
385,USR00385,53,Female,Australia,Sydney,2022-10-02,Social Media,New User,English,True,113.68,46-55,2022,October,0
386,USR00386,62,Female,Canada,Montreal,2022-09-12,Paid Ad,Casual Viewer,English,True,35.7,56-65,2022,September,0
387,USR00387,37,Male,UK,London,2021-12-12,Paid Ad,Power User,Spanish,False,737.47,36-45,2021,December,1
388,USR00388,18,Male,Australia,Brisbane,2022-08-01,Organic,New User,Portuguese,True,497.15,,2022,August,1
389,USR00389,25,Male,Brazil,Brasília,2021-02-12,Email Campaign,Power User,Spanish,True,639.26,18-25,2021,February,1
390,USR00390,63,Female,Germany,Hamburg,2021-01-30,Paid Ad,Power User,Spanish,False,390.4,56-65,2021,January,0
391,USR00391,33,Female,Brazil,Rio de Janeiro,2021-03-25,Email Campaign,At-Risk User,Hindi,True,102.67,26-35,2021,March,0
392,USR00392,31,Male,India,Delhi,2021-02-16,Email Campaign,Casual Viewer,Hindi,True,108.9,26-35,2021,February,0
393,USR00393,29,Male,Canada,Montreal,2022-10-19,Social Media,New User,English,True,551.6,26-35,2022,October,1
394,USR00394,40,Female,India,Bangalore,2022-08-14,Paid Ad,New User,Spanish,False,349.94,36-45,2022,August,0
395,USR00395,32,Male,USA,Chicago,2021-09-29,Paid Ad,Casual Viewer,German,True,168.41,26-35,2021,September,0
396,USR00396,45,Male,Canada,Toronto,2022-10-29,Social Media,Power User,English,True,398.36,36-45,2022,October,0
397,USR00397,51,Female,Australia,Melbourne,2021-08-04,Organic,New User,German,False,60.73,46-55,2021,August,0
398,USR00398,19,Male,India,Bangalore,2022-08-09,Social Media,Casual Viewer,English,False,469.76,18-25,2022,August,1
399,USR00399,49,Female,Germany,Hamburg,2022-03-03,Email Campaign,At-Risk User,English,True,222.5,46-55,2022,March,0
400,USR00400,40,Female,Australia,Sydney,2022-09-25,Paid Ad,New User,German,True,640.07,36-45,2022,September,1
401,USR00401,39,Non-Binary,Australia,Melbourne,2022-10-17,Paid Ad,Power User,French,True,255.19,36-45,2022,October,0
402,USR00402,42,Male,UK,Birmingham,2021-02-01,Organic,Power User,Spanish,False,369.62,36-45,2021,February,0
403,USR00403,39,Non-Binary,Australia,Melbourne,2022-05-25,Social Media,New User,German,True,19.18,36-45,2022,May,0
404,USR00404,39,Female,Brazil,Brasília,2022-10-05,Social Media,At-Risk User,Hindi,True,67.23,36-45,2022,October,0
405,USR00405,59,Male,France,Paris,2022-07-13,Email Campaign,New User,French,False,320.07,56-65,2022,July,0
406,USR00406,23,Female,UK,London,2021-10-24,Paid Ad,Casual Viewer,Spanish,False,389.15,18-25,2021,October,0
407,USR00407,32,Female,USA,Los Angeles,2022-10-20,Referral,New User,English,True,484.02,26-35,2022,October,1
408,USR00408,60,Female,India,Mumbai,2021-11-06,Referral,Power User,Hindi,False,240.41,56-65,2021,November,0
409,USR00409,54,Male,Germany,Munich,2022-05-10,Social Media,Casual Viewer,English,True,559.04,46-55,2022,May,1
410,USR00410,50,Female,Canada,Montreal,2021-09-08,Email Campaign,Power User,Portuguese,False,689.5,46-55,2021,September,1
411,USR00411,25,Female,France,Paris,2022-02-20,Email Campaign,Power User,Portuguese,True,626.08,18-25,2022,February,1
412,USR00412,61,Female,France,Marseille,2021-11-01,Referral,New User,Hindi,True,41.3,56-65,2021,November,0
413,USR00413,61,Male,Germany,Hamburg,2022-04-10,Paid Ad,Casual Viewer,English,False,389.6,56-65,2022,April,0
414,USR00414,22,Female,UK,London,2021-03-16,Organic,Power User,English,True,92.89,18-25,2021,March,0
415,USR00415,56,Female,UK,London,2021-03-03,Referral,At-Risk User,Portuguese,True,201.22,56-65,2021,March,0
416,USR00416,21,Male,USA,New York,2021-06-11,Organic,New User,English,False,789.46,18-25,2021,June,1
417,USR00417,23,Female,UK,Birmingham,2022-03-27,Referral,New User,Portuguese,False,122.57,18-25,2022,March,0
418,USR00418,62,Female,Australia,Melbourne,2022-03-02,Paid Ad,Power User,Spanish,True,404.12,56-65,2022,March,0
419,USR00419,49,Female,France,Lyon,2022-05-11,Email Campaign,Casual Viewer,Hindi,True,498.34,46-55,2022,May,1
420,USR00420,47,Female,USA,Chicago,2022-04-21,Paid Ad,Casual Viewer,English,True,564.95,46-55,2022,April,1
421,USR00421,64,Female,Australia,Brisbane,2021-07-28,Referral,At-Risk User,German,True,452.12,56-65,2021,July,1
422,USR00422,52,Female,Germany,Hamburg,2021-12-15,Organic,Casual Viewer,German,True,17.72,46-55,2021,December,0
423,USR00423,57,Female,UK,London,2022-09-14,Organic,New User,English,True,267.9,56-65,2022,September,0
424,USR00424,33,Female,Germany,Munich,2021-05-28,Email Campaign,Casual Viewer,English,False,418.99,26-35,2021,May,1
425,USR00425,30,Female,Australia,Melbourne,2021-11-17,Email Campaign,New User,English,True,79.41,26-35,2021,November,0
426,USR00426,59,Male,UK,Manchester,2021-11-23,Referral,Casual Viewer,English,True,287.0,56-65,2021,November,0
427,USR00427,47,Male,Germany,Munich,2021-12-20,Referral,Power User,English,True,36.23,46-55,2021,December,0
428,USR00428,36,Female,USA,Los Angeles,2022-02-13,Paid Ad,Power User,English,False,72.08,36-45,2022,February,0
429,USR00429,34,Female,France,Lyon,2021-05-14,Email Campaign,Power User,German,True,323.57,26-35,2021,May,0
430,USR00430,36,Male,France,Marseille,2022-01-15,Social Media,Power User,Hindi,True,114.85,36-45,2022,January,0
431,USR00431,45,Male,USA,Chicago,2022-06-12,Referral,Power User,Spanish,True,458.36,36-45,2022,June,1
432,USR00432,43,Female,Australia,Sydney,2022-07-30,Organic,Power User,Spanish,True,554.68,36-45,2022,July,1
433,USR00433,54,Male,UK,Birmingham,2021-04-19,Paid Ad,Casual Viewer,English,True,642.46,46-55,2021,April,1
434,USR00434,43,Male,Brazil,Brasília,2021-11-23,Social Media,Casual Viewer,English,False,168.12,36-45,2021,November,0
435,USR00435,40,Female,India,Delhi,2021-09-05,Referral,Casual Viewer,English,False,142.31,36-45,2021,September,0
436,USR00436,26,Non-Binary,USA,New York,2022-04-23,Referral,Power User,Spanish,True,92.61,26-35,2022,April,0
437,USR00437,29,Female,UK,Manchester,2021-05-06,Referral,Casual Viewer,Hindi,True,512.78,26-35,2021,May,1
438,USR00438,18,Female,France,Paris,2021-10-01,Paid Ad,New User,Portuguese,False,568.12,,2021,October,1
439,USR00439,18,Female,Australia,Brisbane,2022-04-06,Paid Ad,At-Risk User,German,True,34.95,,2022,April,0
440,USR00440,64,Male,France,Marseille,2021-09-11,Organic,At-Risk User,Spanish,True,749.61,56-65,2021,September,1
441,USR00441,51,Female,Germany,Munich,2021-05-25,Paid Ad,Casual Viewer,English,True,51.06,46-55,2021,May,0
442,USR00442,49,Female,Brazil,Rio de Janeiro,2021-04-10,Organic,New User,English,True,437.62,46-55,2021,April,1
443,USR00443,42,Female,India,Delhi,2021-02-21,Paid Ad,Casual Viewer,Spanish,True,570.16,36-45,2021,February,1
444,USR00444,57,Female,Brazil,Brasília,2021-10-25,Social Media,Casual Viewer,English,False,698.07,56-65,2021,October,1
445,USR00445,62,Male,Brazil,Brasília,2022-01-29,Email Campaign,Casual Viewer,English,False,574.13,56-65,2022,January,1
446,USR00446,18,Male,India,Bangalore,2022-09-23,Organic,At-Risk User,English,False,643.37,,2022,September,1
447,USR00447,33,Non-Binary,Germany,Berlin,2022-03-05,Email Campaign,At-Risk User,English,True,278.17,26-35,2022,March,0
448,USR00448,56,Male,India,Delhi,2021-09-12,Referral,At-Risk User,Spanish,True,653.71,56-65,2021,September,1
449,USR00449,22,Non-Binary,France,Paris,2021-06-13,Email Campaign,New User,English,False,73.29,18-25,2021,June,0
450,USR00450,39,Female,India,Bangalore,2021-12-02,Email Campaign,At-Risk User,English,False,716.91,36-45,2021,December,1
451,USR00451,46,Female,Brazil,Brasília,2022-08-15,Organic,Casual Viewer,English,True,442.6,46-55,2022,August,1
452,USR00452,20,Non-Binary,Germany,Berlin,2021-11-17,Organic,Casual Viewer,Spanish,False,655.67,18-25,2021,November,1
453,USR00453,29,Non-Binary,Australia,Melbourne,2021-07-14,Organic,Power User,French,False,367.33,26-35,2021,July,0
454,USR00454,43,Female,Canada,Vancouver,2021-06-13,Organic,Power User,English,True,518.43,36-45,2021,June,1
455,USR00455,33,Male,UK,Birmingham,2022-05-26,Paid Ad,At-Risk User,German,True,425.86,26-35,2022,May,1
456,USR00456,54,Female,Germany,Hamburg,2022-06-12,Email Campaign,Power User,English,True,587.96,46-55,2022,June,1
457,USR00457,39,Male,France,Marseille,2022-04-24,Social Media,New User,English,True,74.49,36-45,2022,April,0
458,USR00458,46,Female,India,Delhi,2022-05-26,Social Media,New User,French,True,57.68,46-55,2022,May,0
459,USR00459,31,Male,Germany,Berlin,2021-11-12,Social Media,Casual Viewer,German,False,205.21,26-35,2021,November,0
460,USR00460,45,Female,Canada,Montreal,2022-05-25,Paid Ad,New User,German,True,136.04,36-45,2022,May,0
461,USR00461,22,Female,USA,Chicago,2021-01-24,Paid Ad,New User,English,True,698.71,18-25,2021,January,1
462,USR00462,64,Female,Canada,Toronto,2021-04-03,Email Campaign,Power User,Hindi,True,183.18,56-65,2021,April,0
463,USR00463,47,Female,Canada,Vancouver,2022-02-07,Social Media,Casual Viewer,English,True,780.93,46-55,2022,February,1
464,USR00464,63,Female,Canada,Montreal,2022-06-02,Referral,Power User,English,False,276.15,56-65,2022,June,0
465,USR00465,22,Male,India,Delhi,2022-04-14,Email Campaign,Casual Viewer,English,True,153.87,18-25,2022,April,0
466,USR00466,29,Male,UK,Birmingham,2021-09-04,Referral,Casual Viewer,French,True,633.86,26-35,2021,September,1
467,USR00467,33,Male,UK,Manchester,2021-08-09,Email Campaign,Power User,English,False,530.38,26-35,2021,August,1
468,USR00468,43,Female,Germany,Berlin,2022-08-21,Referral,New User,German,True,403.57,36-45,2022,August,0
469,USR00469,43,Female,Germany,Hamburg,2021-12-28,Organic,Casual Viewer,English,True,448.74,36-45,2021,December,1
470,USR00470,38,Female,USA,Chicago,2021-02-19,Social Media,Power User,Portuguese,True,578.17,36-45,2021,February,1
471,USR00471,56,Male,Australia,Brisbane,2021-02-21,Paid Ad,Casual Viewer,English,True,190.48,56-65,2021,February,0
472,USR00472,53,Male,India,Bangalore,2021-10-16,Organic,Casual Viewer,Hindi,True,797.1,46-55,2021,October,1
473,USR00473,50,Female,Australia,Brisbane,2022-05-22,Organic,Casual Viewer,English,True,780.09,46-55,2022,May,1
474,USR00474,47,Female,UK,London,2022-09-04,Organic,Casual Viewer,English,True,523.76,46-55,2022,September,1
475,USR00475,54,Male,Australia,Brisbane,2022-11-01,Paid Ad,Power User,Spanish,False,167.64,46-55,2022,November,0
476,USR00476,40,Male,Brazil,Brasília,2022-11-20,Paid Ad,Casual Viewer,English,True,547.38,36-45,2022,November,1
477,USR00477,27,Male,India,Delhi,2022-04-27,Referral,Casual Viewer,English,True,67.04,26-35,2022,April,0
478,USR00478,22,Female,Germany,Hamburg,2021-10-20,Paid Ad,Power User,Hindi,True,34.22,18-25,2021,October,0
479,USR00479,53,Male,France,Lyon,2022-07-04,Email Campaign,Power User,French,True,213.57,46-55,2022,July,0
480,USR00480,51,Female,France,Paris,2021-01-09,Organic,Power User,Hindi,True,375.47,46-55,2021,January,0
481,USR00481,48,Male,Australia,Melbourne,2021-04-21,Paid Ad,New User,German,True,695.94,46-55,2021,April,1
482,USR00482,27,Female,USA,Los Angeles,2022-03-18,Organic,Power User,Hindi,False,584.46,26-35,2022,March,1
483,USR00483,36,Male,Canada,Toronto,2021-05-18,Social Media,Power User,Spanish,True,596.74,36-45,2021,May,1
484,USR00484,49,Male,France,Paris,2021-09-28,Email Campaign,Power User,English,True,346.14,46-55,2021,September,0
485,USR00485,18,Female,France,Lyon,2022-01-10,Email Campaign,New User,English,True,283.29,,2022,January,0
486,USR00486,22,Female,Brazil,Rio de Janeiro,2022-02-17,Paid Ad,New User,Spanish,False,303.12,18-25,2022,February,0
487,USR00487,62,Female,Australia,Sydney,2022-01-10,Organic,Casual Viewer,English,True,790.24,56-65,2022,January,1
488,USR00488,21,Male,Germany,Berlin,2021-02-16,Organic,Casual Viewer,German,True,41.69,18-25,2021,February,0
489,USR00489,33,Female,India,Mumbai,2022-02-15,Email Campaign,Power User,German,True,694.95,26-35,2022,February,1
490,USR00490,41,Male,India,Mumbai,2021-02-22,Email Campaign,Casual Viewer,English,False,467.15,36-45,2021,February,1
491,USR00491,33,Male,UK,London,2022-08-07,Paid Ad,Power User,English,True,356.51,26-35,2022,August,0
492,USR00492,19,Male,UK,Manchester,2022-07-30,Organic,Power User,Hindi,False,582.95,18-25,2022,July,1
493,USR00493,45,Female,Australia,Sydney,2021-07-19,Email Campaign,New User,Hindi,True,394.47,36-45,2021,July,0
494,USR00494,49,Male,USA,Chicago,2022-01-07,Social Media,Power User,English,True,700.0,46-55,2022,January,1
495,USR00495,44,Female,Canada,Montreal,2022-07-21,Email Campaign,Power User,English,True,721.55,36-45,2022,July,1
496,USR00496,37,Male,Germany,Hamburg,2021-10-23,Paid Ad,New User,German,True,343.16,36-45,2021,October,0
497,USR00497,41,Male,Australia,Brisbane,2021-03-17,Referral,At-Risk User,French,True,228.69,36-45,2021,March,0
498,USR00498,29,Male,UK,London,2022-01-31,Referral,Casual Viewer,English,True,477.96,26-35,2022,January,1
499,USR00499,52,Female,Australia,Brisbane,2022-06-01,Social Media,Power User,Hindi,False,730.77,46-55,2022,June,1
500,USR00500,50,Female,UK,Manchester,2022-04-07,Organic,Power User,Spanish,True,176.42,46-55,2022,April,0
